Index,Actual,Predicted,Accuracy
6056,1728,1960.5447,0.865425533718533
5556,822,768.2476,0.9346078097675259
5990,658,675.2898,0.9737237159242021
7674,2716,2484.0608,0.9146026476493465
3319,1083,734.01044,0.6777566362065732
5761,636,821.79456,0.707870195496757
5972,1537,1686.0615,0.9030178767485361
8758,712,748.90906,0.9481614359309164
6079,425,399.39627,0.9397559311810662
7177,594,568.28754,0.9567130246146359
7061,24,-0.9749578,-0.040623242656389946
6627,211,209.96005,0.9950713388162766
1127,242,257.35037,0.9365687094444086
5632,960,922.0274,0.9604452133178711
5503,1308,1390.092,0.9372385007525803
5198,933,949.5573,0.9822536848748995
6870,655,529.73553,0.8087565414778148
1210,259,232.52068,0.8977632264833193
3382,1183,1429.6527,0.7915023584438399
7238,0,9.858886,
2227,630,904.2752,0.5646425277467758
6137,1358,1193.4579,0.8788349674095637
4617,1307,1172.2874,0.8969298802720926
1777,146,117.61975,0.8056147327161816
2067,103,105.46961,0.9760231832856113
4640,2495,2245.6924,0.9000771073396794
6234,2797,2532.5469,0.905451153021094
1807,292,345.51746,0.8167210409086044
5673,995,952.3574,0.9571431375628141
8612,349,414.73746,0.811640523566216
5324,908,961.06195,0.9415617283220333
360,217,264.04114,0.7832205636160714
5285,301,139.61893,0.46385025582044226
7258,1071,991.782,0.926033597032563
80,937,758.5615,0.8095640591648879
3684,871,971.21124,0.8849469085237873
2333,17,17.808258,0.9524554084329044
1087,209,317.4002,0.48133872000224287
758,298,291.58044,0.9784578668991192
1437,182,216.20557,0.8120573274381868
4890,3365,2824.7273,0.8394434754596953
3803,956,945.07477,0.9885719331238559
2887,264,354.53644,0.6570589470140862
1175,232,217.36446,0.9369157593825768
5834,501,447.10315,0.8924214559162924
3785,2392,2052.2551,0.8579661901977947
3123,149,182.748,0.7735033483313234
2142,165,154.12363,0.9340825861150568
8469,682,724.0895,0.9382852235497617
2614,565,533.9187,0.9449888516316372
6875,972,969.56946,0.9974994423948689
4949,338,262.269,0.7759438238200351
1057,150,194.35585,0.7042943318684896
5976,842,911.5318,0.9174206658950045
5564,1888,1810.5463,0.9589757757671808
7932,1076,938.5345,0.8722439450402242
8158,1215,1125.295,0.9261687604488169
5303,40,123.01742,-1.075435447692871
4838,1158,1220.29,0.9462089472689983
4629,1647,1572.8966,0.9550070470220476
2399,345,261.48553,0.7579290859941124
921,387,315.41983,0.8150383212461644
7448,589,687.85815,0.8321593305655772
748,62,66.50991,0.9272595067178049
1746,150,96.583565,0.6438904317220052
7533,1445,1396.6135,0.9665145504433391
7256,848,949.79584,0.8799577389123305
8289,574,643.798,0.8784007427999783
7366,1393,1453.7548,0.956385670680411
3720,796,856.58044,0.9238939141508323
7121,1591,1858.9501,0.8315838634555703
3105,682,264.16702,0.38734167552064236
594,237,396.35245,0.3276268037562632
1680,178,130.28128,0.7319173062785288
831,281,267.5406,0.9521017380032251
3045,447,559.31976,0.7487253620053831
315,80,114.99799,0.5625250816345215
6724,185,204.90111,0.8924264443887246
5871,605,594.5008,0.9826459395983987
5948,1524,1365.9309,0.8962801234928641
3977,1951,2184.1619,0.8804910993160558
4956,1039,990.7718,0.9535820881143227
7736,2113,1471.5669,0.6964348767303596
2022,63,16.824926,0.26706232343401226
6307,2162,1709.501,0.790703504422988
6952,142,374.9332,-0.6403746269118618
511,283,237.91719,0.8406967864019711
3662,376,229.50626,0.6103889789987118
6242,698,692.93585,0.992744773711721
7938,1054,1103.4999,0.9530361689471656
8167,0,237.00485,
3393,647,730.8869,0.8703448193887655
8330,330,312.1994,0.9460587935014204
4512,978,1007.65106,0.9696819406833141
6435,426,324.16742,0.7609563836469337
6006,614,689.2128,0.8775035348699614
8063,806,708.23785,0.8787070148931839
14,447,406.05246,0.9083947644671071
5306,84,23.082584,0.2747926712036133
8524,97,108.53474,0.8810851893474146
866,176,164.01213,0.9318871064619585
7518,441,395.21912,0.8961884721336452
6266,611,661.3634,0.9175721713251841
2110,443,380.1272,0.8580749373941874
221,13,19.68414,0.485835442176232
6868,240,201.66801,0.8402833938598633
6152,1708,1770.6127,0.9633415275770272
95,248,200.71837,0.8093482602027154
7109,106,45.448784,0.4287621120236954
8396,1146,1165.3778,0.9830909183096095
2483,643,618.28986,0.9615705380358184
3080,332,334.3769,0.9928406864763742
7116,915,886.505,0.9688579288336748
333,316,313.78583,0.9929931254326543
6300,808,778.5529,0.9635555909411742
5185,846,777.1064,0.9185654660488697
1928,646,829.16187,0.7164677008755804
2900,972,986.3045,0.9852834316928691
2114,145,159.36325,0.9009430983970905
7314,2857,2277.167,0.797048299680609
2002,259,221.90201,0.8567645098711993
8193,740,797.78235,0.9219157450907939
6874,915,990.25494,0.9177541597293375
3909,25,112.83661,-2.51346435546875
8228,12,492.33377,-39.02781422932943
239,148,142.88141,0.9654149235905828
8660,943,1045.3837,0.8914277126275848
7445,146,134.61517,0.9220217352044092
4507,2163,2056.816,0.9509088848676607
7741,1190,1304.1652,0.9040628898043592
1056,149,162.28148,0.9108625578400272
318,108,157.87149,0.5382269400137443
6542,837,815.54584,0.9743677866216771
1606,183,163.78246,0.8949860953242401
6631,1287,857.21985,0.6660604884481838
3246,102,46.579773,0.4566644406786152
1044,174,35.0247,0.2012913802574421
879,373,334.51776,0.8968304590629189
346,221,212.78218,0.9628152976748091
2585,603,907.04767,0.4957750108506944
4165,1167,1185.2261,0.9843821129230934
5037,1223,1025.6714,0.8386519924110794
2245,429,559.2521,0.6963821091018356
6431,1357,1143.7435,0.8428471114763725
3194,257,343.98233,0.6615473528316513
841,170,156.44315,0.9202537985409007
5816,1665,1818.987,0.9075152789508258
4581,225,696.8204,-1.0969794379340279
3078,101,76.21031,0.7545575434618657
2358,195,242.32718,0.7572965181790865
6392,578,1362.8732,-0.35791205699881057
5647,1213,1367.9142,0.8722883886477226
4730,764,519.4929,0.6799645548715642
1400,72,65.01727,0.9030176798502604
1084,38,83.646645,-0.20122748927066203
1147,360,396.69986,0.8980559455023871
7374,0,-29.131681,
3787,1664,2602.6562,0.43590369591346156
5253,2235,2018.1311,0.9029669366960291
8555,644,708.65076,0.8996106260311529
4836,1252,1162.0829,0.9281812186439198
8490,1904,1430.7706,0.7514551627535779
3916,83,111.70298,0.6541809633553746
6050,484,416.45874,0.8604519426330062
6186,925,957.9367,0.964392749683277
222,9,-37.281185,-4.142353905571832
5100,9,-84.955444,-9.439493815104166
7018,0,40.98018,
1176,211,202.90866,0.9616524212733264
6338,512,455.4457,0.8895424008369446
3601,362,384.47452,0.9379156966235757
6755,1179,1160.5673,0.9843657851926951
1488,122,143.6827,0.8222730042504482
3887,1185,1058.9175,0.8936012493407173
3400,1942,1897.6887,0.9771826574166452
908,233,194.44727,0.8345376207081545
5601,526,528.8272,0.994625077048182
5550,672,737.82635,0.9020441146123976
6306,2628,2574.234,0.9795410527849124
7135,205,-25.221981,-0.12303405389553168
1034,145,113.33692,0.7816339427027209
8198,767,768.52954,0.9980058135389505
5020,233,345.5112,0.5171193135142838
6730,896,991.6007,0.8933027812412807
8676,672,829.2489,0.7659986586797805
1978,244,181.65369,0.7444823218173668
1123,409,402.75247,0.9847248702294086
1483,270,243.6278,0.9023252133969908
1793,410,529.1036,0.7095034715605946
7441,768,498.6839,0.6493279933929443
4294,1881,1794.4867,0.9540067487166068
6630,656,519.5992,0.7920719239769912
1670,253,243.03499,0.9606126023846653
8548,121,102.56466,0.8476418108979533
2860,115,110.95875,0.9648586770762568
3805,1117,1202.6912,0.9232845460077216
6642,113,209.93942,0.1421290034741427
4331,975,992.7502,0.9817946839943911
856,329,346.28732,0.9474549452946903
37,606,497.56732,0.8210681877513923
554,196,161.97012,0.8263781800562022
1330,105,43.237286,0.41178367251441594
811,431,317.08987,0.7357073648899725
8326,1023,972.80444,0.9509329847110215
487,178,277.53403,0.4408200724741046
8677,671,890.63245,0.6726789176019933
7202,326,396.49277,0.783764517380416
6749,227,249.4035,0.90130615234375
5366,976,951.1452,0.9745340190949987
2760,244,178.73473,0.732519368656346
6048,903,853.6054,0.945299454833714
3463,751,750.4765,0.9993029313779543
8281,518,492.27423,0.950336353198902
7172,1583,1490.2333,0.9413981531062461
8073,1027,984.4817,0.9585995028754869
538,235,287.32053,0.7773594633061836
4343,1158,985.63824,0.8511556516657222
5681,1412,1389.2692,0.9839016749568431
567,38,23.837954,0.627314567565918
6715,1990,2094.8098,0.947331751531093
4939,2290,2386.7998,0.9577293429312227
3620,1703,1603.2643,0.9414352802269892
321,305,346.49863,0.863938928823002
3827,1015,1022.94617,0.9921712640471059
6502,64,187.88963,-0.9357755184173584
3060,697,603.7415,0.8662001665900736
8648,1524,1689.8407,0.8911806441980397
5296,68,-15.651831,-0.23017398048849658
7951,134,175.85927,0.6876174015785331
7462,1160,1346.3027,0.8393941945043104
6140,1847,1811.3197,0.9806820260684556
1287,181,153.05284,0.8455958076603505
5709,1868,1621.8593,0.8682330047803466
5335,303,53.399086,0.17623460725589157
1491,81,72.45757,0.8945379374939718
3481,444,388.76556,0.8755981170379363
8390,899,886.2947,0.9858672722295606
3018,75,437.3185,-3.8309134928385413
23,323,310.20773,0.9603954586820337
8252,0,7.5236154,
7375,0,60.119076,
7132,141,203.48041,0.5568765410294769
1536,182,211.47752,0.8380355834960938
2913,485,477.278,0.9840783817251934
4252,208,217.26717,0.9554463166456956
4209,1121,1116.1924,0.995711313838091
994,152,123.69406,0.8137767189427426
6539,716,567.91376,0.7931756387209759
429,148,331.65024,-0.24087998673722555
7003,0,94.46332,
8393,1416,1473.9415,0.9590808415817003
5775,713,653.34784,0.9163363805827052
2820,629,629.77423,0.998769108176421
2034,669,627.2575,0.9376046447297739
453,224,182.6595,0.8154441969735282
93,397,254.14507,0.6401638924625118
6643,73,75.46607,0.9662181906504174
4338,3251,3084.37,0.9487450375845894
7775,922,964.12714,0.9543089628736782
8391,971,1014.28546,0.9554217699013582
2164,28,33.50577,0.8033652986798967
5130,832,1836.333,-0.20713101900540876
5452,211,188.27422,0.8922948611291099
496,301,502.34894,0.3310666512017234
3859,0,72.31357,
4483,2615,2655.0083,0.9847004585922562
33,328,312.4528,0.9525999673982946
2302,514,499.23898,0.9712820683935737
2310,232,224.95741,0.9696440203436489
8658,1708,1517.1366,0.8882532767445477
7550,991,923.0177,0.9314003029216069
1002,352,451.84537,0.7163483879782937
1817,484,561.43256,0.8400153798505294
1038,42,52.352123,0.7535208747500465
1226,107,140.87415,0.6834192008615654
5563,2084,2254.4634,0.9182037529240643
4764,1422,1396.5574,0.9821078572762834
212,298,267.7714,0.898561720880086
3100,43,73.6101,0.28813721412836124
88,375,360.37634,0.9610035807291667
1467,47,48.951267,0.9584836756929438
7903,556,725.36017,0.6953953804729653
733,267,224.00243,0.8389603975560335
7684,157,260.4091,0.34134338767665207
3955,2236,2583.5632,0.8445602717254584
4813,1230,1296.9832,0.9455421509781504
6499,84,193.63565,-0.3051863170805431
1219,223,275.3383,0.7652991598497058
7807,1244,1065.1672,0.8562437591062098
149,83,65.42208,0.7882178432970162
2018,62,64.685776,0.9566810361800655
2263,85,122.59542,0.5577009313246784
6536,1330,1147.1654,0.8625303799048403
5598,286,210.2793,0.7352422967657343
623,156,167.55379,0.925937261336889
7765,1585,1552.4309,0.9794516770997634
6226,717,820.6651,0.8554182704356259
1323,32,25.992836,0.8122761249542236
4279,1502,1147.4741,0.7639641285577563
3742,1360,1535.0098,0.8713163488051471
7790,1642,1845.7598,0.8759075727009744
5722,639,695.139,0.9121455758203736
1383,192,278.34003,0.5503123601277669
4659,591,315.9561,0.5346126653216212
4860,1197,1106.0458,0.9240148507662385
6443,791,894.6203,0.8690008845853745
4192,1455,1441.6904,0.9908525289948453
6373,584,741.9423,0.7295508188744113
7751,1018,837.076,0.8222750380840189
5428,278,226.0941,0.8132881329213972
682,252,227.45926,0.9026161072746156
1417,62,65.456566,0.9442489377913936
17,555,321.2746,0.5788731480503941
3352,1198,1264.7777,0.9442590067104027
5267,1053,1006.01227,0.9553772726176698
3891,358,364.36804,0.9822121732061802
7974,436,417.81793,0.9582980094699685
7610,429,475.14386,0.8924385550972465
6836,2072,2197.8088,0.9392814488944861
7150,958,992.96796,0.9634990015209095
3458,68,86.44179,0.7287972394157858
1393,103,127.08514,0.7661637241400561
7896,753,799.246,0.9385843669592463
1616,438,530.88873,0.7879252673284104
7612,185,159.7579,0.8635562381228885
3202,741,802.8283,0.9165609877119181
6524,19,-40.113827,-2.111254039563631
3128,1702,1393.4028,0.8186855652357521
1188,341,336.22498,0.9859969958531891
5594,587,588.193,0.9979676436728067
592,272,267.46912,0.9833423390107996
4661,290,311.22845,0.9267984324488147
7097,2045,2178.5837,0.9346778776360024
5705,1394,1438.2526,0.9682549759852492
4094,1680,1557.625,0.927157738095238
4984,56,220.416,-1.936000006539481
1544,116,98.74219,0.8512257543103449
6000,853,810.47675,0.9501485880486151
6425,1797,1818.5914,0.9879847353010225
5499,381,365.3504,0.958924941816355
1839,276,288.67804,0.9540650740913723
6932,1613,1399.095,0.8673868386256199
8692,128,125.40307,0.9797114729881287
4601,2431,2380.7358,0.9793236692076306
2751,960,994.381,0.9641864776611329
4421,193,213.33435,0.894640670539184
8165,0,-32.155403,
1145,380,346.9738,0.9130889089483963
1832,112,340.7262,-1.0421981811523438
8497,422,342.27188,0.8110708083021697
3295,1100,1012.14655,0.920133223100142
2145,419,464.70895,0.8909094180013798
2991,1209,1042.2015,0.8620360116508995
1090,212,108.26925,0.5107040045396337
2144,816,721.91205,0.8846961376713771
3003,150,162.18549,0.918763427734375
3142,75,459.69788,-4.129305013020834
7579,1804,1583.2189,0.8776157827440757
8376,610,556.0989,0.9116375032018442
7161,542,662.43884,0.7777881129641374
4204,188,209.60068,0.885102779307264
1334,160,129.95029,0.8121892929077148
5698,644,787.9344,0.7764993987468459
8112,720,733.7142,0.9809525383843316
5484,803,933.2249,0.8378270055407456
3422,384,1142.0492,-0.9740864435831706
2907,221,205.14392,0.9282530357395362
1794,604,630.5687,0.9560120437318915
1992,195,153.3816,0.7865723438752004
353,464,435.79395,0.9392110890355604
7845,1380,1336.0892,0.9681806039119112
1545,168,92.094795,0.5481833049229213
7558,1221,1137.9572,0.9319878405571765
3932,1714,1201.5338,0.7010115597879594
304,278,263.91373,0.9493299525418728
185,500,458.96786,0.9179357299804688
1046,215,252.47997,0.8256745804187864
5527,1315,1578.1753,0.7998666973621673
7685,210,276.03778,0.6855343773251488
3592,2044,1872.1676,0.915933269343964
3377,1543,1664.3491,0.9213550738212897
8627,522,433.0949,0.8296837349961087
2692,92,71.853584,0.7810172205385955
6871,1448,750.81104,0.5185159082570787
4139,1438,1163.4363,0.8090655627933763
6786,2368,2398.3228,0.9871947829787796
2276,578,491.43018,0.8502252176146194
1618,128,138.47455,0.9181675910949707
2728,947,1161.3276,0.7736772579527456
8662,846,921.3222,0.9109666612413194
2605,387,378.78708,0.9787779815437258
2115,102,94.96519,0.9310312458113128
647,216,181.23015,0.8390284644232856
6698,531,443.80933,0.8357991076683144
5956,162,173.12938,0.931300127947772
2684,739,553.33734,0.7487650085366627
4043,352,334.44736,0.9501345374367454
2266,232,121.79868,0.5249943239935513
4383,1235,1198.6671,0.9705806593180668
3590,1814,1661.1344,0.9157300989052164
1429,166,191.63818,0.8455531108810241
3578,425,421.47372,0.991702880859375
1432,195,181.69214,0.9317545572916667
7377,0,-31.445896,
5014,1959,1949.8589,0.9953337859717968
2572,106,117.29246,0.8934673813154113
764,206,189.58746,0.9203274921306128
3153,0,365.61526,
5430,292,255.71446,0.8757344598639502
245,86,52.051163,0.6052460781363553
6491,411,704.78265,0.2852003556968522
8664,496,518.9916,0.9536460138136341
4706,403,221.88094,0.5505730413621472
2862,284,286.1949,0.9922715307961048
7236,0,2.2812552,
2337,100,153.68251,0.46317489624023434
6401,403,903.7553,-0.24256900758956257
2273,865,917.6507,0.9391321435829119
6121,231,317.59946,0.6251105766791802
1156,50,52.149323,0.9570135498046874
6452,1674,1756.0852,0.9509646325698178
8753,1047,1067.9813,0.9799605317648639
7581,1292,1194.5134,0.9245459966984326
1962,764,652.01874,0.8534276672682837
2373,537,523.7431,0.9753130410192621
4635,206,270.7275,0.685788793471253
6967,1487,763.9865,0.5137770754744242
7291,0,-15.26209,
7204,151,235.64409,0.43944312089326365
7104,880,813.0603,0.9239321621981534
5155,2598,1237.5417,0.4763440138748557
3799,1280,1203.9362,0.940575122833252
3039,545,758.957,0.6074184032755161
7277,0,-50.301598,
2465,1085,1327.9952,0.776041254140265
828,290,255.29698,0.8803344200397359
2586,365,736.9259,-0.01897507758989736
233,226,212.69807,0.9411419218620368
5743,428,281.02823,0.6566080111209478
1728,112,119.20278,0.9356894493103027
1623,171,164.53766,0.9622085303591009
7197,1529,1783.2289,0.8337286580536707
4614,807,780.8239,0.9675637095095647
1558,92,98.955536,0.9243963490361753
7890,2632,2252.2532,0.8557192909681326
6876,1119,1162.3999,0.9612154581378463
5942,639,610.72284,0.955747792418574
8572,109,132.68198,0.7827341622168864
3410,410,448.63538,0.9057673756669207
7171,1608,1674.0865,0.9589014005898243
4701,1807,2050.8313,0.8650629226186358
8695,796,972.65717,0.7780688875284626
5740,340,323.07925,0.9502331004423253
6419,916,969.61707,0.9414660857754503
7681,600,526.75793,0.8779298909505209
4554,3309,3100.3823,0.9369544648590964
2574,73,109.22504,0.5037666216288528
19,600,291.4116,0.48568598429361975
1183,334,325.87143,0.9756629624052676
4239,1575,1433.725,0.9103015718005952
7444,255,161.42097,0.6330234303193933
3614,1055,952.72375,0.9030556918320498
1076,210,223.64606,0.9350187755766369
6462,47,137.29689,-0.9212104310380651
319,279,315.2688,0.8700043052755376
8235,0,-85.676605,
5559,794,816.36566,0.9718316604268341
4781,383,317.22806,0.8282716915439376
4803,369,385.40543,0.9555408508797002
5220,1216,999.71063,0.8221304542139957
1981,299,294.39523,0.984599441987615
2404,80,87.92574,0.9009282112121582
4503,1674,1493.1614,0.891972148717518
2124,353,315.58963,0.8940216150905188
3944,1997,1767.9496,0.8853027466003693
7038,47,140.13487,-0.9815930305643286
8471,532,618.2594,0.837858271778078
927,318,406.12762,0.7228691053090606
6080,647,748.9659,0.8424020381025406
2357,88,75.63204,0.859455021944913
3133,967,900.3683,0.9310944013782962
4680,1047,1007.75616,0.9625178266960661
169,230,216.73361,0.9423200524371603
7942,752,640.7986,0.8521257765749668
3185,1664,1686.8514,0.9862671632033128
1897,103,140.4706,0.636207802781781
3333,1209,1288.9674,0.9338565697050765
461,56,28.51456,0.5091885839189803
6864,968,998.54767,0.9684424912633974
3195,167,222.7457,0.6661934310090756
1586,39,30.427998,0.78020506638747
3624,782,763.1825,0.9759366945232577
1320,78,74.85294,0.9596531207744892
8,930,741.8553,0.7976938555317541
2291,475,452.82712,0.9533202482524671
99,62,80.992035,0.6936768562563004
5700,600,783.8649,0.6935584513346353
3482,306,270.6541,0.8844905678742851
1055,131,105.88835,0.808308026262822
6908,1869,2075.7803,0.8893631495786517
5865,813,721.2887,0.8871939683752306
7100,1604,1826.3966,0.8613487490989323
1139,270,278.89505,0.9670553701895255
509,76,65.467415,0.8614133533678556
2588,146,427.5214,-0.9282287179607234
6854,1087,1217.7036,0.8797574854818307
1775,140,143.1511,0.977492196219308
1509,257,309.62106,0.7952487811968021
6933,1710,1414.4208,0.8271466528463085
3543,1253,1300.2198,0.962314566135026
637,258,240.39482,0.9317628727402798
2157,10,127.85686,-10.785685729980468
2840,1281,1278.0283,0.99768018759758
3529,562,512.3094,0.9115825395142905
6994,0,15.411702,
7710,458,450.0906,0.9827305822913823
5665,726,723.5106,0.9965711020897899
6772,264,272.43555,0.9680471709280303
6155,636,632.8391,0.9950300492580582
6417,808,818.52954,0.9869683898321473
2729,916,821.6287,0.8969745885857328
8046,433,333.63248,0.7705138032485926
1631,106,119.40339,0.8735529341787662
5863,1006,960.8257,0.9550951129162525
4779,202,311.27982,0.45901081349590034
8573,129,117.93757,0.914244718329851
4416,1248,1203.1562,0.9640675080128205
6125,230,216.10811,0.9396004718282949
7435,1761,1570.302,0.8917103929319279
2883,264,230.84119,0.8743984338008997
1115,256,313.12338,0.7768617868423462
8296,616,906.45233,0.5284864747679079
5516,2202,2172.0127,0.9863817871537239
6472,886,775.6735,0.8754780168727074
6862,1824,1957.0404,0.9270611813193873
4125,2065,1673.7328,0.8105243525839891
2173,358,371.2487,0.9629924923348028
7660,145,254.88031,0.24220475821659482
1472,273,379.53012,0.609779777107658
2673,653,554.20386,0.8487042226981241
2191,401,450.10696,0.8775387428645184
5097,9,-5.4608955,-0.6067661709255643
465,239,233.98947,0.9790354453370163
1835,170,159.26353,0.9368443208582261
291,79,76.63,0.9699999652331388
8708,842,842.07947,0.9999056202215707
4855,1543,1523.1849,0.9871580923677495
4190,1059,1015.27106,0.9587073249564743
3819,187,222.50908,0.8101118771150151
1078,196,210.6793,0.9251055814781968
5162,555,482.672,0.869679274000563
5045,133,155.56342,0.8303502591929042
7372,0,6.5342984,
4745,2383,2248.4727,0.9435470651489719
1740,174,220.98883,0.7299492496183548
2771,422,556.75964,0.6806643517661434
6134,651,594.0884,0.9125781550019201
5896,763,623.01575,0.8165343998300295
6768,1185,1141.8788,0.9636107883372891
6355,2087,1941.7241,0.9303900915638477
5270,1517,1381.5479,0.9107105152027027
1017,196,223.07007,0.8618874063297194
5672,1893,1987.4165,0.9501233471176703
5058,3113,2949.0046,0.947319190064849
1790,300,281.29236,0.9376411946614583
8460,776,798.3104,0.971249452571279
4411,2337,2445.8926,0.9534049729888746
2997,1256,1081.5596,0.8611143075736465
1747,147,114.038956,0.7757752087651467
8679,666,930.7514,0.6024753696567662
1626,392,447.78647,0.8576875803421955
4818,3556,3126.1975,0.8791331579768349
5186,568,502.49954,0.8846822926695918
1916,213,208.73303,0.9799672874486502
766,168,174.20857,0.963044211978004
7310,1137,1202.2007,0.9426555113511433
6821,258,323.7562,0.7451310268668241
6846,656,426.14688,0.6496141480236519
2287,583,559.2518,0.9592654717316145
3019,75,190.44014,-0.5392018636067708
5224,1635,1671.9275,0.9774143790615444
5748,632,623.0057,0.9857684751100178
664,390,353.70587,0.9069381322616186
7078,1493,1501.7523,0.994137763338287
1512,138,147.4997,0.9311616317085598
2663,226,292.2,0.7070795920042865
1575,190,181.95671,0.9576668990285773
4217,2013,2175.0137,0.9195163080601093
8634,663,664.40045,0.9978877048866421
8661,955,925.2424,0.9688401786444699
3948,1095,1149.8856,0.9498761460117009
3862,0,-28.971697,
7123,1333,1334.7367,0.998697153536431
483,79,120.35793,0.4764818601970431
5118,40,150.0983,-1.7524574279785154
2992,1413,1439.5962,0.9811775007740623
5107,18,75.20795,-2.178219265407986
457,172,115.8547,0.6735738266346066
4273,440,440.78946,0.9982057744806463
6204,668,627.113,0.9387918803506269
4626,1491,1604.6274,0.9237911191104963
8750,761,773.76154,0.9832305707693413
1665,270,378.19168,0.5992900707103588
330,612,673.5576,0.8994156581903595
2083,297,303.63904,0.9776463364109849
6746,692,597.59064,0.863570284981259
3991,367,303.88098,0.82801357342047
4914,2256,2239.8167,0.9928265294284685
7217,2189,2374.4985,0.9152587779094336
7033,761,748.7833,0.9839465508479797
7748,1512,1519.9539,0.9947395122871197
4328,1937,1670.2733,0.8622990786936952
1729,95,113.42185,0.8060857672440378
2534,772,793.44867,0.97221674943835
4955,968,939.50195,0.9705598689307852
6044,1591,1873.1895,0.8226339075267127
1075,208,289.4828,0.6082558265099158
3473,1462,1394.4565,0.9538006449854651
6718,1641,1256.826,0.7658903411363117
7440,1049,723.6467,0.6898443551149904
4584,483,1068.8384,-0.21291589835662528
7618,847,856.20465,0.9891326435904294
1732,34,5.3264604,0.15666059886707984
8345,1420,1523.7372,0.9269456460442341
7639,1271,769.1225,0.6051317840744246
4129,810,678.6675,0.8378610869984568
2215,159,360.5882,-0.26785028805522804
5040,470,833.1245,0.22739465591755315
8242,0,-85.394066,
6522,57,251.01437,-2.403760943496436
3063,925,801.5934,0.8665874419341216
7424,6,-46.135937,-7.689322789510092
4608,918,756.9872,0.8246047740927969
2569,309,294.75577,0.9539021612371056
1954,265,206.13638,0.7778731436099646
4004,338,92.317085,0.2731274712015186
6130,639,591.01666,0.9249087051606514
1877,14,8.648714,0.6177652903965541
5214,723,789.14465,0.9085136191973547
8586,1548,1358.5201,0.8775969906986838
540,325,428.87122,0.680396259014423
601,127,155.92542,0.7722408264640748
1915,238,259.92978,0.9078580712069985
4593,786,611.4904,0.7779776303822757
7072,1550,1168.9877,0.7541855941280242
668,319,352.20282,0.8959159253159287
6337,782,760.811,0.9729040589783807
7862,1150,1111.0953,0.9661698581861413
8583,752,698.23785,0.9285077845796625
1295,106,37.68405,0.3555099199403007
3469,923,868.32904,0.9407681912538935
4746,2451,2433.644,0.9929188261806405
5141,224,207.18654,0.9249399048941476
8301,689,850.0051,0.7663205704599056
4398,342,418.9682,0.7749467816269189
4824,1030,1093.5627,0.9382885979217233
5651,620,685.7208,0.8939986690398185
3411,289,285.76254,0.9887977256906899
3441,9,164.06215,-16.229127671983505
6271,392,302.51413,0.7717197184659996
3146,0,55.151985,
2664,243,197.26884,0.8118059448744535
6787,2033,1842.592,0.9063413876122111
718,30,160.11,-3.3370000203450525
5927,1155,920.9262,0.7973387086546266
6074,691,643.2808,0.9309418563732362
2987,744,627.3134,0.8431631929130965
604,49,24.802296,0.5061692996900908
248,653,640.4627,0.9808004709334323
6366,492,493.25067,0.997457984986344
6699,320,384.83557,0.7973888397216797
1656,136,143.27426,0.946512783274931
6543,982,828.72406,0.8439145214445964
263,174,167.3173,0.9615937156238775
2697,664,547.95074,0.8252270250435335
447,195,234.03117,0.7998401348407452
4056,689,824.30835,0.8036163285785559
199,127,123.46665,0.9721783615472749
532,120,97.358345,0.8113195419311523
736,272,266.09323,0.9782839382396025
8047,1055,1056.2366,0.9988278935870853
5458,678,714.35583,0.9463778245413901
8558,692,676.1937,0.9771585629854588
455,149,119.00352,0.7986813231602611
4740,1525,1475.8751,0.9677869652920081
5273,2266,2145.3354,0.9467499775899162
4710,609,641.8722,0.9460226726062192
7990,906,907.1299,0.9987528887279249
4885,1073,1129.0442,0.9477686957566402
5643,332,385.9413,0.8375261605504047
1945,172,140.06424,0.8143269738485647
3781,1665,1197.1508,0.7190094635651276
1022,173,182.22267,0.9466897600648031
6444,1070,1042.6841,0.9744711047021029
1516,47,43.317924,0.9216579680747174
7243,0,82.90959,
1543,67,86.5257,0.7085715905943913
1313,203,170.32944,0.8390612672702432
3269,132,88.434006,0.6699545889189749
2522,178,115.414696,0.6483971670772253
3309,1320,1106.2239,0.8380483916311553
2498,203,225.14343,0.8909190511468597
8494,910,841.7347,0.924983165028331
7813,1064,1094.4261,0.9714039967472392
1374,33,3.6195717,0.10968399047851562
7346,685,533.17865,0.7783629925581661
4830,714,756.3155,0.9407346068310136
6348,784,707.74854,0.902740478515625
3066,714,716.73944,0.9961632480140493
7650,2635,2331.6475,0.8848756967504744
700,86,65.337875,0.7597427368164062
217,280,239.45459,0.8551949637276786
6501,122,-26.250088,-0.2151646535904681
2094,161,176.59737,0.9031219482421875
1328,349,481.32642,0.6208412148549427
4950,785,760.4686,0.9687498444964172
5630,670,735.8868,0.901661522708722
1142,258,326.58038,0.7341845608496851
8681,1033,981.76074,0.9503976207042595
675,135,145.75507,0.9203328450520833
2954,275,287.39386,0.9549314186789772
5403,545,478.53464,0.8780452063324254
6847,1551,995.03436,0.6415437542185485
6160,920,851.7524,0.9258178047511889
8152,1318,1286.551,0.9761388660019916
8094,0,32.628387,
4975,49,338.87387,-4.915793282645089
7447,345,139.36385,0.4039531763049139
6602,610,645.6803,0.9415077084400615
2754,768,1156.107,0.49465227127075195
5363,805,835.16156,0.9625322235296973
6526,74,48.995655,0.6621034467542494
6088,826,903.00085,0.9067786265227754
50,228,198.18828,0.8692468342028166
4472,2322,2267.762,0.9766416722181848
5120,104,589.9212,-3.6723192655123196
940,38,45.280273,0.8084138569078947
3910,30,-59.59231,-1.986410395304362
5436,803,811.1054,0.9899060925095345
4762,953,1037.3235,0.9115178527511805
411,32,23.459648,0.7331140041351318
2087,173,135.7237,0.7845300222407876
4630,1117,1598.4547,0.5689751907662824
1941,388,331.75928,0.8550496838756443
4908,1374,1304.0083,0.94905989867631
6706,835,883.0861,0.942411831610217
1568,70,11.388657,0.16269509451729913
3969,1148,1026.6328,0.8942794533972125
7432,1601,1841.2954,0.8499091754177077
4067,1290,1175.994,0.9116232701974322
4309,1103,1163.6106,0.9450493239318903
3082,494,467.01608,0.9453766857564208
2627,488,574.76117,0.8222107183737832
101,82,73.78527,0.8998203742794875
1699,407,393.4261,0.9666488609970055
3399,1730,1709.3192,0.9880457883625361
6406,1202,1589.3978,0.6777056346518823
2650,374,410.97507,0.9011361841211982
3284,1498,1409.0243,0.9406036662164136
5487,878,967.64386,0.8978999318185863
2372,535,553.26263,0.9658642349956191
3755,10,206.84344,-18.684344482421874
2111,308,285.97272,0.9284828483284294
8031,994,1094.798,0.8985935878945548
2321,849,1073.6545,0.7353892331971437
7051,1272,1605.4177,0.7378791473196737
1438,172,184.38686,0.9279833948889444
1349,36,27.14689,0.7540802955627441
3337,42,421.18085,-8.028115408761161
3774,221,567.493,-0.5678415427919965
4716,1193,1588.4742,0.6685044064006183
3055,206,344.23526,0.3289550484962833
3527,851,840.57117,0.9877452021059783
7017,0,77.37498,
2391,931,848.3585,0.9112336417914205
4386,3088,2831.7224,0.9170085531442277
2464,890,865.0839,0.9720044082470154
3118,1069,825.5149,0.7722309565744855
2691,128,89.010155,0.695391833782196
1919,153,142.56496,0.9317971023858762
1149,320,318.02887,0.993840217590332
2072,158,91.69682,0.5803596400007417
1768,239,249.64647,0.9554541041162722
1559,91,103.5131,0.862493410215273
5389,1046,914.68774,0.8744624704977294
8153,1664,1629.9916,0.9795622458824744
5314,768,768.3673,0.9995217323303223
5307,136,157.02783,0.8453835880055147
4418,673,539.4854,0.801612797321926
6034,649,663.0308,0.9783808586226406
8472,457,501.72778,0.9021273890522429
1372,36,13.162268,0.36561854680379235
5454,703,719.71643,0.9762212935077347
1758,109,109.03707,0.9996598969905748
742,155,143.17662,0.9237201321509576
180,355,329.82925,0.9290964905644806
6945,725,565.17725,0.7795548221982759
5634,2405,2518.1943,0.9529337480509356
6463,103,417.84164,-2.0567149930787316
5328,240,199.88708,0.8328628540039062
349,325,354.67798,0.9086831430288461
7437,1731,1378.9941,0.7966459506787984
8539,1113,1210.8828,0.9120549752920036
6860,2146,2053.6318,0.9569579850594129
2885,108,131.72673,0.7803080523455584
3322,761,783.70795,0.9701603853122946
4157,152,173.8591,0.8561901293302837
5271,1693,1528.4695,0.9028171780400915
5587,1423,1466.4292,0.9694805346319396
81,509,404.3685,0.7944371311510008
8179,0,60.717045,
932,144,217.32578,0.49079322814941406
4945,585,657.7268,0.875680672409188
6849,1234,1165.1187,0.94418043139688
8136,520,592.6801,0.8602305485652043
2577,398,395.1361,0.9928042924583856
4148,30,154.53838,-3.1512791951497396
6693,2024,1747.7601,0.8635178516975975
2842,482,568.2152,0.8211302697905861
3817,34,487.11282,-12.326847749597887
1597,169,155.23473,0.9185486742730676
6586,861,926.9632,0.9233876936111716
1617,217,302.58377,0.605604743078557
5140,149,130.83112,0.8780611793466863
3950,1124,1102.1879,0.980594187020407
2988,928,853.7608,0.9200008655416554
625,142,145.99707,0.9718516175176056
789,304,282.11578,0.92801244635331
4623,1240,1080.833,0.8716395224294355
3734,1669,1562.9418,0.9364540278375899
2304,289,260.38403,0.9009828138516436
676,85,90.39358,0.9365461461684284
1452,253,246.46141,0.9741557728160511
6779,1051,1036.3926,0.986101406398668
763,125,207.89262,0.3368590087890625
334,309,301.33414,0.9751913817569275
6421,1231,1018.0187,0.8269851151566308
3014,46,62.967552,0.6311401698900305
1501,233,206.26677,0.8852651047604279
6623,1047,988.6228,0.944243364598257
6879,1200,1228.8501,0.975958251953125
6712,1292,1365.319,0.9432515714190692
3298,731,740.71985,0.9867033534434849
3791,994,1159.4867,0.8335143920161594
7493,0,-68.11443,
3148,0,54.493137,
4619,1107,1004.3567,0.9072779489188121
3016,31,114.33931,-1.6883648287865425
710,356,337.36618,0.9476578101683198
4739,1330,1102.0739,0.8286269567962876
3204,1095,904.1469,0.8257049421197203
4977,19,135.90128,-5.152698717619243
7495,0,-197.25737,
1957,370,318.31866,0.8603207150021115
2485,789,843.0718,0.9314679628089354
2127,402,308.67307,0.7678434457351913
4428,1134,1246.05,0.901190433132165
6663,1178,1311.393,0.8867632051477611
1005,162,216.28201,0.6649258460527585
4532,2278,2404.1594,0.9446183389692164
8476,88,138.09631,0.4307237104936079
586,133,120.206566,0.903808765841606
6129,903,743.72375,0.8236143464925941
7189,1686,1197.1494,0.7100530332517794
965,39,-24.640572,-0.6318095280573919
4863,1276,1304.9592,0.9773046798466889
2107,619,430.07803,0.6947948844059219
5278,1717,1653.2444,0.9628680167534217
6478,1571,1373.8158,0.8744849114566757
8074,751,765.6095,0.9805466084283455
7010,0,24.648924,
3238,586,651.94934,0.8874584627639719
7230,0,37.355698,
7103,1108,1263.0515,0.8600618107654557
1527,310,338.8194,0.9070342033140121
172,71,91.911316,0.705474423690581
4902,417,363.3888,0.8714359567033872
1297,89,84.15692,0.9455833863676264
4686,100,179.88321,0.20116790771484372
1369,94,100.41111,0.9317967029328041
6385,208,227.43031,0.9065850331233098
119,244,268.3446,0.9002270307697233
1385,207,211.58049,0.9778720284429725
267,54,69.6724,0.7097703439218026
4913,2101,2274.8503,0.9172535260367087
1880,80,32.43612,0.405451488494873
3143,212,345.45544,0.3704931870946344
6081,672,730.0527,0.9136120932442802
2826,1839,1888.9193,0.9728551867735522
550,282,378.8863,0.65643159041168
5813,284,283.38348,0.9978291686152069
1561,90,113.99822,0.7333530849880643
2508,204,-13.64485,-0.06688651851579253
2638,460,512.52136,0.8858231254245924
8411,834,821.0168,0.9844325955251424
1691,238,239.76897,0.9925673669125853
4024,102,293.1009,-0.873538148169424
4756,304,204.80629,0.6737049002396434
3187,1641,1755.8066,0.9300386102224254
6049,708,733.10266,0.9645442639367056
6382,215,518.86566,-0.4133286587027616
4350,646,553.69073,0.8571064007171536
533,59,69.134544,0.8282280614820577
1199,236,240.00359,0.9830356533244504
5736,992,1043.9762,0.9476046408376386
7354,1113,977.4285,0.878192747378285
1479,214,193.90495,0.9060979112286434
65,545,252.56096,0.46341460341707286
3090,22,16.679413,0.7581551291725852
8382,357,363.25314,0.9824841924074317
6474,2153,2197.1074,0.9795135058639108
2495,587,632.93286,0.9217498103439097
4490,792,755.78613,0.954275420217803
354,682,692.53143,0.984558015974386
1952,727,748.0784,0.9710062858655003
743,227,108.08598,0.47614970606329154
7145,1442,1770.1958,0.7724023572945562
2726,855,920.0861,0.9238758823327851
8727,652,769.3362,0.8200365312260353
3621,1711,1372.6183,0.8022316108315678
2970,2134,1907.5999,0.8939080850588683
6128,1657,1784.6177,0.9229826941573627
5268,1237,1210.1356,0.978282635502981
3892,207,265.96036,0.715167354270456
7016,0,498.30655,
5680,977,986.80054,0.9899687440026868
472,225,294.43237,0.6914116753472221
1010,83,54.87274,0.6611173698701054
7993,440,378.05637,0.859219013560902
3017,46,152.48875,-1.314972918966542
4267,2207,2002.2498,0.907226894363106
3605,185,162.97957,0.880970640440245
6789,1820,1667.6875,0.9163118131868132
8216,148,632.22296,-2.271776766390414
868,61,51.33284,0.841521966652792
323,247,224.00037,0.9068840737284919
6244,316,330.72253,0.9534097019630142
6416,721,707.6561,0.9814925491396498
6743,1363,1290.1904,0.9465813864178283
1513,159,134.18117,0.8439067144813778
1918,191,184.26666,0.964746924595059
8334,402,354.5247,0.8819022107480177
7030,0,-690.92804,
5461,727,826.33887,0.863357816798487
8131,1180,926.97485,0.7855719097590043
730,110,43.775166,0.39795605052601213
5412,1039,874.2559,0.8414397694034228
3127,981,800.9039,0.8164157692445527
1068,226,210.22127,0.9301826004433421
6133,698,667.64923,0.9565175228610763
5696,1823,1560.9407,0.8562483125771393
1803,101,88.77662,0.8789764253219756
7722,2499,2526.032,0.9891828801833233
5006,1243,1126.284,0.9061014140122184
5741,248,286.1497,0.8461706099971649
1253,60,55.01782,0.9169636408487956
833,397,309.04935,0.7784618310423882
2208,218,256.76627,0.8221730923433916
5555,791,732.64246,0.9262230797151548
518,326,373.5915,0.8540138291435008
7580,1440,1319.0134,0.9159815470377604
6824,2369,1507.7485,0.6364493605556142
7912,900,1037.0215,0.84775390625
5356,159,297.1362,0.13121886823162343
7389,0,-103.61306,
8478,418,374.00772,0.8947553132709704
3480,536,539.59467,0.9932935344639109
6324,848,664.8302,0.7839978775888119
3025,50,182.30212,-1.6460424804687501
6488,1841,1832.5376,0.9954033664618414
7829,193,257.6252,0.6651543335593426
5967,646,582.25806,0.9013282610535991
1322,60,41.302685,0.6883780797322592
2623,677,719.40234,0.9373672913589365
8670,317,296.14465,0.9342102628401026
2716,122,123.08477,0.9911084409619941
2698,461,395.3411,0.8575728741230002
6701,247,266.1138,0.9226161941342991
6909,1259,2107.332,0.32618583697378867
7670,1113,1256.4491,0.8711149176283131
1608,126,94.65158,0.7512030223059276
3790,1336,1594.3418,0.8066303915606288
5841,853,715.8445,0.8392080684898886
1339,178,167.04956,0.9384806772296348
6872,2329,1568.5264,0.6734763276889223
3870,486,370.30753,0.7619496412237976
6037,628,585.23096,0.9318964283937102
1578,154,155.60391,0.9895849847174311
6451,1596,1962.2112,0.7705443724056235
3346,139,653.3713,-2.7005127831328686
1061,29,32.97857,0.8628079644564924
3884,941,1679.9136,0.21475709434776835
5523,393,347.32062,0.8837674750019879
2921,1362,1294.665,0.9505617026890603
6591,1480,1272.2762,0.8596461115656673
1071,353,395.78656,0.8787916145648902
2968,1173,1149.7108,0.9801456227022058
2436,581,585.848,0.9916557272617255
6143,1086,1156.633,0.9349603530012661
5121,128,141.51346,0.8944261074066162
1402,111,131.48361,0.8154629544094876
6671,1233,1380.4412,0.8804207930986415
7512,643,803.786,0.7499439957353227
2348,586,480.3425,0.8196970968929981
2456,1215,1011.9467,0.8328779558095422
5711,1273,1242.9592,0.9764015934922428
2344,594,637.2532,0.9271832090435606
8318,886,944.3334,0.9341609774001834
1671,286,261.76212,0.9152521520227819
177,395,361.95483,0.9163413518591772
1615,213,244.24539,0.8533080195037412
132,405,338.189,0.8350345564477237
8418,1956,1203.6454,0.6153606266575601
1373,25,6.5974064,0.2638962554931641
6358,1556,1566.8192,0.9930467777203165
5337,634,713.955,0.873887985662707
2648,1097,1070.1853,0.9755563379529398
0,254,207.36903,0.8164135189506951
4333,1134,1360.8242,0.7999786430776015
8645,115,109.3372,0.9507582291312839
5685,1811,1871.7937,0.9664308662772639
4952,2331,2280.8127,0.9784696457059738
7653,1556,1216.0249,0.7815070066476543
3126,370,348.76462,0.9426070754592483
5418,1624,1666.7822,0.9736562644319582
6993,0,-45.135303,
4947,264,288.11914,0.908639618844697
2098,289,236.82927,0.8194784408622134
4852,215,213.05008,0.9909306016079215
8678,600,868.046,0.5532566324869792
408,151,156.6806,0.9623801124016971
1195,471,339.90372,0.7216639427622412
4505,2104,2118.905,0.9929158606003445
1027,273,265.28522,0.97174072265625
157,394,394.89908,0.9977180752052268
8107,0,-55.33175,
2554,561,475.2815,0.8472040893772281
1530,592,564.54913,0.9536302927378062
7935,1254,1101.086,0.8780590586685108
712,345,336.01746,0.9739636407382246
5830,1613,1686.3049,0.9545536691626627
8159,829,925.98065,0.8830148952286263
4519,1551,1252.45,0.8075112515614926
5770,473,514.2432,0.9128050209351877
3172,98,108.88766,0.8889014574946189
2260,4,20.75915,-3.1897873878479004
6210,2481,2634.9607,0.9379440977995264
6985,0,22.687164,
3457,157,256.62088,0.3654721011022094
4101,1636,1532.8398,0.9369436697738386
3455,233,283.75507,0.7821670990645118
5494,1940,1830.4824,0.9435476401417526
2132,461,470.95352,0.978408846575888
7936,1308,1177.8192,0.9004734050972382
6512,1595,1319.9445,0.8275513843309169
3064,897,950.351,0.9405228392602076
3555,325,315.49484,0.9707533616286058
794,110,91.19382,0.8290347012606534
7539,218,262.66687,0.7951061003798738
1446,94,118.41939,0.7402192785384807
6193,535,710.4002,0.6721491448233061
251,226,238.95932,0.9426578758037196
2753,911,1058.0491,0.8385849920245609
2189,65,-19.599567,-0.3015318063589243
1741,212,353.76898,0.3312783871056899
2598,91,87.34484,0.9598334176199776
7882,779,858.41626,0.898053581815629
5749,741,679.2003,0.9165996186002867
6281,1721,1774.1465,0.969118835342824
6626,321,282.61053,0.8804066500559774
2210,176,198.57188,0.8717506582086736
7720,1473,1454.873,0.9876938539545146
4127,1273,1061.2753,0.8336804937585919
2412,666,901.46454,0.6464496417804524
7060,24,-9.123342,-0.38013923168182373
4012,51,-346.8098,-6.800192440257353
4077,1780,1714.9177,0.9634369239378511
8495,629,518.9476,0.8250358836260433
5265,787,823.1499,0.9540661977843075
7758,219,219.52473,0.9976039520681721
3646,1400,1324.5126,0.9460804094587053
7737,1191,1109.9832,0.931975780266058
1562,60,69.083954,0.8486007690429688
611,250,208.00024,0.8320009765625
7760,784,778.5709,0.9930751566984215
3589,1635,1582.8055,0.9680767840930811
3666,518,1082.4182,-0.08961044959580122
7337,0,-58.834866,
1430,168,171.06435,0.9817598433721633
6942,137,131.3613,0.9588415883753422
6720,556,216.00478,0.38849779856290745
6182,627,710.11615,0.86743835741253
3528,663,536.3604,0.8089900642498586
5798,645,641.80194,0.9950417688650678
5874,1881,1930.0684,0.9739136845427964
503,212,192.45705,0.9078162571169295
5283,285,150.01714,0.5263759144565515
274,184,187.58284,0.98052804366402
4504,1940,1653.4172,0.8522769259423325
3210,2404,2098.2495,0.8728159366550541
4801,766,783.6914,0.976904169386423
2006,331,379.13214,0.8545856763949207
6386,83,118.41341,0.5733324533485504
3532,140,168.17082,0.7987798418317522
683,317,313.8032,0.9899154326141069
8669,140,135.50905,0.9679217747279576
997,178,169.4092,0.951737050260051
3661,327,79.21827,0.24225770442857653
5279,1252,1364.3154,0.9102911903454473
5011,2487,2318.2756,0.932157472764626
744,206,159.02733,0.7719773227728686
6999,0,-54.00459,
6916,234,189.00278,0.8077041756393564
1162,188,187.83755,0.9991359304874501
7973,161,132.40355,0.8223822931325213
6066,2289,2074.697,0.9063770299189057
3522,2574,2055.353,0.7985054496284965
2251,289,184.8691,0.6396854493032278
5612,1688,1611.1365,0.9544647361429947
7287,0,-58.287308,
5288,670,1136.3982,0.3038832934934701
982,165,209.80794,0.7284367416844224
79,498,313.3891,0.6292953797612324
4355,979,986.7388,0.9920952303051583
5225,2282,2086.527,0.9143414108717682
4794,746,2786.8457,-1.7357181007037532
3689,1421,1617.6798,0.8615905632861981
8290,563,615.83136,0.9061609949142428
7290,0,79.35754,
6149,254,285.56726,0.8757194458968997
8168,0,296.3116,
445,189,189.74944,0.9960347332020916
1737,126,124.13783,0.9852208939809648
7799,724,872.67255,0.7946511790238692
4210,819,927.6491,0.8673393053886218
7789,1519,1602.6261,0.9449466105116442
8341,912,894.7524,0.9810881363718134
1197,331,324.98904,0.9818400126569581
2683,923,586.52924,0.6354596271287581
68,397,287.23004,0.7235013639896883
48,342,322.1274,0.9418930142943622
1053,156,173.69624,0.8865625430376102
8493,1019,853.2495,0.8373400507544161
4877,336,245.58374,0.7309039887927827
2478,290,312.24683,0.9232868063038793
8141,166,144.24013,0.8689164311052805
8613,392,411.44437,0.9503970243492905
3026,27,172.6989,-4.3962554931640625
393,122,115.208084,0.9443285582495518
3098,97,128.1194,0.6791814430472778
230,235,300.60602,0.7208254550365691
41,572,491.6761,0.8595735776674498
3931,2023,1559.2538,0.770763116252935
8726,668,660.6293,0.9889659767379304
7491,0,-3.5795944,
8568,470,530.2412,0.8718272107712766
4115,1129,1042.0371,0.9229735246899912
2481,761,569.7417,0.7486750318249015
4766,1709,1485.9222,0.8694688362849254
6759,1792,1793.6791,0.9990630149841309
8449,443,451.33826,0.9811777498060101
3960,764,651.2945,0.8524797050116574
1502,256,207.85571,0.8119363784790039
7943,658,495.55573,0.7531242022760734
6574,1789,1760.9104,0.9842987145839156
5829,1719,1916.1644,0.8853028337923574
61,495,396.9474,0.8019139145359848
4132,248,264.7902,0.932297614312941
5137,407,461.96225,0.8649576173074708
4982,26,199.41167,-5.669679495004507
402,204,233.08908,0.8574064666149663
332,277,323.59848,0.8317744396223488
8061,1197,1194.3429,0.9977801967483814
1009,99,95.82123,0.9678911921953914
1168,328,356.6128,0.9127658750952744
3317,154,115.70443,0.7513274651069146
7458,2069,2152.9778,0.959411414594913
5933,188,180.94945,0.9624970618714678
2453,97,136.38582,0.5939606342119039
4335,1280,1427.581,0.8847023010253906
6877,1014,1142.375,0.8733974358974359
6740,1959,2036.4308,0.9604743307132146
4233,992,1018.79407,0.9729898514286164
2133,449,484.9433,0.9199481106016842
1233,152,157.69759,0.9625158811870375
8505,955,855.5036,0.8958152890829516
8657,1156,1195.6832,0.9656719484956207
3181,1029,1038.0841,0.9911719082164115
2301,625,571.7785,0.91484560546875
4498,1087,1059.8116,0.9749877143586132
2510,289,278.24066,0.9627704554363106
706,208,189.75476,0.9122825035682092
4112,1785,1795.9557,0.9938623593968837
3166,0,127.63778,
6597,1110,1907.5883,0.2814520208685247
3254,1083,1071.2809,0.9891790247359764
3882,2701,2382.4053,0.8820456399250278
696,240,225.92343,0.9413476308186849
1103,230,245.17557,0.9340192711871603
8268,1034,1068.2047,0.9669200078200556
379,173,212.6185,0.7709913308909863
7547,926,971.1067,0.9512886722968412
2859,184,144.24193,0.7839235222857932
4377,1219,1192.2977,0.978094938057578
5885,266,227.28076,0.8544389538298872
2864,1406,1301.4666,0.9256518867243065
4684,193,228.83575,0.8143225160905116
381,159,150.80803,0.9484781709107213
3889,669,717.61084,0.9273380570347534
6765,1878,1776.1515,0.9457675661649694
2521,278,199.79506,0.7186872633241064
6590,1371,1401.8079,0.9775289122333151
8649,795,818.21936,0.9707932574194182
5628,655,726.85565,0.8902967147244751
6308,1999,1785.2921,0.8930926034306216
2029,304,214.70851,0.7062779978701943
7949,27,81.54785,-1.0202907986111112
2225,1197,1246.5845,0.9585760462353801
7246,0,23.370737,
3538,789,841.93207,0.932912461506852
2718,113,113.99631,0.9911831205925056
1649,320,266.35956,0.8323736190795898
6535,771,424.68048,0.5508177444319471
1193,468,564.1183,0.7946190467247596
6068,1702,1541.395,0.9056374967868683
858,635,558.90045,0.8801581915907972
3139,1153,1189.2665,0.9685459848289788
1593,216,263.20383,0.7814637643319589
8646,339,264.24268,0.779476919708702
6286,1546,1615.7649,0.9548739375303201
7559,857,853.56946,0.9959970338480892
6247,475,454.49228,0.9568258506373355
5528,1993,2171.9187,0.9102264419609257
7527,1171,1050.815,0.8973654495356533
7657,568,627.21185,0.895753779881437
3413,136,257.5549,0.1062139623305377
7824,726,628.8713,0.8662138799662105
1864,189,279.57977,0.5207419420676256
7139,588,816.6099,0.6112076117067922
7933,1118,1067.2222,0.9545815455892218
5893,585,571.64,0.9771624182024573
8182,0,3.0985463,
3362,305,364.9,0.8036065773885759
4832,2440,2060.114,0.84430902199667
7731,262,230.98561,0.8816244693202827
7925,146,155.77098,0.9330754737331443
4394,677,754.81055,0.8850656619276218
8592,499,579.0362,0.8396068259566007
8255,0,104.927795,
214,289,257.9884,0.8926934370945069
6798,691,533.9788,0.7727624034743579
7761,921,915.39105,0.9939099372921756
862,281,270.36298,0.9621458223281806
7861,1106,1077.1353,0.9739016762262658
2166,33,-63.379185,-1.9205813552394058
4894,2103,1982.7521,0.9428207680434201
1263,63,204.02597,-1.2385074676029264
181,354,349.2941,0.9867064912440413
3541,1133,1152.9702,0.9823740380902471
5753,863,1237.2947,0.5662865843170626
7209,1120,1104.1637,0.9858604431152344
3941,199,56.2132,0.2824783900275303
2543,455,435.31506,0.9567364032451923
4087,341,589.9657,0.26989531307276393
7702,1278,1304.4523,0.97930182276384
2513,411,391.7147,0.9530771074503878
1642,155,122.03057,0.7872940063476562
3305,1632,1605.3981,0.9836997985839844
3299,822,907.98193,0.8953991075501825
544,473,431.71387,0.9127143069503171
4997,162,223.38905,0.6210552262671201
1726,128,85.926575,0.6713013648986816
1533,225,305.90143,0.6404380967881944
3707,1021,1033.7606,0.9875018412172503
4816,1700,1625.4144,0.9561261345358456
8205,1062,1123.0907,0.9424758020318386
8475,133,154.81866,0.8359498905956297
1721,277,276.01578,0.9964468504978001
2894,1381,1390.9788,0.9927742507127987
5488,1062,1272.8308,0.8014775795227166
1406,225,270.25748,0.7988556586371528
3320,1815,1115.6808,0.6147001576489325
7303,1429,785.2541,0.5495130086462343
8302,690,719.23804,0.9576260331748189
8533,623,789.9046,0.7320953418125502
7633,393,508.0834,0.7071669095648457
8566,691,791.25745,0.8549096291041064
3106,506,294.84,0.5826877397982029
8738,300,300.94342,0.9968552652994792
6687,1131,1203.5896,0.9358182143153183
6965,246,150.9598,0.6136576954911395
8194,555,645.0953,0.8376661695875562
3980,1958,1915.8722,0.9784842657726315
5112,26,131.5122,-3.058161808894231
3071,368,387.89612,0.9459344615106997
4184,2081,1749.0024,0.8404624898636472
7965,670,726.42816,0.9157788632520989
3058,453,424.48926,0.937062379277042
8142,448,383.77643,0.8566438129970005
6581,260,265.97174,0.9770317664513222
7205,207,281.19797,0.6415557124188557
4705,717,808.80927,0.8719536051091789
2939,662,814.3228,0.7699051133815615
3007,38,72.24234,0.09888578716077301
6175,429,530.0408,0.7644737261436481
5571,477,490.68924,0.9713013846919222
5246,1430,1394.2007,0.9749655130026224
5513,1596,1685.1342,0.9441515317835605
3783,2191,1543.7906,0.7046054995043645
6224,1918,1952.9452,0.9817804012358251
4295,1247,1244.9109,0.9983246901939655
2770,415,484.7147,0.8320127923804593
1244,258,195.61536,0.7581990559895834
4607,1191,1124.5911,0.9442410280882662
5852,1441,1609.7142,0.8829186444146859
7568,1996,1640.2258,0.8217564278948521
5970,1956,2278.7131,0.8350137347824003
6791,941,1039.0645,0.8957869786131775
576,160,137.00586,0.85628662109375
6497,39,189.67976,-2.8635836870242386
1166,301,372.13785,0.7636616348824232
4304,2234,1749.6945,0.7832114852317872
415,96,224.87006,-0.3423964182535808
7923,346,325.8542,0.9417751069702854
8088,0,54.829567,
1346,54,37.15387,0.6880346227575231
759,344,266.797,0.7755726659020712
7854,453,400.7135,0.8845772648489238
1201,258,231.09975,0.8957354523414789
5467,2368,2527.7598,0.9325338827597128
2288,997,1165.3016,0.8311919400780466
2825,1221,1263.7935,0.9649521236435299
5595,438,421.2262,0.9617036444955764
3905,24,72.1256,-1.0052334467569985
1426,135,121.37509,0.8990747522424769
328,335,324.35904,0.968235938228778
4060,213,229.05495,0.9246246624440655
4574,1744,1263.1858,0.7243037792520786
8218,17,-113.880394,-6.698846704819623
4392,1165,1225.0713,0.948436661748927
2867,739,705.1664,0.9542170254884134
5728,905,816.19696,0.9018750944190262
1111,318,338.69193,0.9349310533055719
7617,775,797.83435,0.9705363218245968
7472,2005,1863.0576,0.9292057941084788
8749,740,751.3591,0.9846499056429476
5839,1061,1260.2164,0.8122371058774152
1281,228,248.18,0.9114912601939419
4845,2246,2025.7217,0.9019241672695903
6112,959,908.2961,0.9471283436318757
5712,909,864.292,0.9508162730335533
2441,931,1072.9758,0.8475017936862245
6272,592,604.66516,0.978606146735114
8123,963,910.37146,0.9453493872906932
3966,562,563.0948,0.998051979363601
970,150,129.40356,0.8626904296875
4126,1832,1520.3455,0.82988289245872
5856,850,798.8539,0.9398280962775736
5572,347,375.01956,0.9192519833787374
6040,559,1019.12335,0.1768813022347384
7344,1040,800.26624,0.7694867647611178
3395,872,856.3161,0.9820138773786913
2879,678,576.8449,0.8508037015751752
1282,132,122.43045,0.9275034124200994
4568,963,893.1241,0.9274393400546794
3710,1266,1299.773,0.973323104882504
1995,71,78.90168,0.8887087324975242
8426,456,363.78934,0.7977836341188664
1926,139,171.4614,0.7664647822757419
1421,50,21.217972,0.42435943603515625
8261,137,113.13102,0.825773865637118
4510,1624,1523.0128,0.9378157742505003
8016,294,570.25134,0.060369582403273836
6437,188,216.11674,0.8504428457706532
6067,1903,1673.5613,0.8794331472921045
6939,258,192.95276,0.747878910035126
6566,987,1057.2412,0.9288336262031408
5081,1291,1772.653,0.6269148302853893
1718,286,327.73102,0.85408734941816
1298,50,57.779015,0.8444197082519531
2057,462,442.83353,0.9585141268643466
740,161,170.5842,0.9404708198879076
4113,1118,1168.2301,0.9550714646341123
7442,538,399.20627,0.7420190860790834
2651,339,416.9674,0.7700076482992256
7281,0,-200.35909,
5033,65,214.58138,-1.301251924954928
5509,778,802.86475,0.9680401721160026
4391,1440,1449.9794,0.9930698818630642
4776,917,868.85547,0.9474977848964014
2484,813,745.97205,0.9175547920029982
5012,2274,2034.2227,0.8945570168205805
5007,1362,1305.4321,0.9584670549972467
6468,137,246.9527,0.19742556384010035
435,55,42.577778,0.774141415682706
7055,935,1105.2754,0.8178872827540107
3739,1753,1901.1902,0.9154648114393183
308,263,307.07446,0.8324164909101711
5086,1107,1039.2717,0.938818182940944
87,341,396.1924,0.8381454154543163
7180,222,220.71411,0.9942077086852478
4102,1325,1432.508,0.9188618440448113
1020,178,169.93015,0.9546637374363589
3698,352,385.69406,0.9042782350019976
8640,387,407.6807,0.9465615127129764
4942,1801,1568.9591,0.8711599702639159
6318,73,285.27667,-1.9078996214148116
8384,1686,1694.6882,0.9948468372349496
4983,65,175.77486,-0.7042285625751201
6930,1566,1882.1042,0.798145435474537
7360,2112,2247.7014,0.9357474355986624
257,361,316.34952,0.8763144538012898
4247,1330,1189.2848,0.8941990902549342
288,168,160.36629,0.9545612335205078
2641,223,204.02565,0.9149132288090317
3984,662,881.5816,0.6683057341330721
5169,1191,1045.2484,0.8776225130864295
4462,2000,1953.77,0.976885009765625
5368,1296,1383.2996,0.9326392279730903
8115,296,216.6313,0.7318625063509554
1569,97,126.200516,0.6989637551848422
6445,657,1079.9446,0.3562487365629756
737,240,250.61075,0.9557885487874349
1595,156,165.60995,0.9383977254231771
7582,1347,1086.8159,0.8068418099248329
4999,1084,795.19794,0.7335774326676372
543,443,479.72705,0.9170946934960497
5818,582,638.1498,0.9035227143068084
6795,176,276.92728,0.4265495647083629
3723,392,339.43542,0.8659066959303252
5751,468,426.21478,0.91071534768129
3680,1946,1600.6504,0.82253360258222
2088,135,183.59076,0.6400684497974537
2549,60,57.685703,0.9614283879597981
5836,250,259.90533,0.9603786621093751
5272,2070,1752.2399,0.8464926899343297
4251,423,391.30438,0.9250694617593824
800,670,505.59616,0.7546211356547341
3715,1890,1846.9937,0.9772453187003969
1405,206,226.17877,0.9020447962492415
56,85,96.41811,0.8656692504882812
69,385,303.68658,0.7887963233056007
4375,1421,1209.7917,0.8513664659020936
711,337,382.99402,0.863519232775408
4951,1620,1497.0762,0.92412109375
265,127,127.01336,0.999894810473825
4518,716,672.84283,0.9397246291517546
3213,1311,1453.5496,0.8912665442052823
4269,1729,1626.417,0.940669168413823
3349,930,1037.0928,0.8848464801747312
7044,180,240.78368,0.6623129102918837
4851,394,438.0786,0.8881253470019036
6641,23,40.96886,0.21874519016431726
8128,1690,1684.7124,0.9968712439903846
4682,453,478.9396,0.942738177234237
2948,1517,1564.2797,0.9688334455596984
2835,170,156.52606,0.9207415412454044
6219,375,421.82574,0.87513134765625
6727,1346,754.64215,0.5606553869828427
7634,272,237.43507,0.8729230656343347
3857,0,83.577,
5708,1790,1869.8595,0.9553857558266411
7298,262,360.7616,0.6230473409172232
2036,295,362.19385,0.7722242452330509
5234,760,681.2282,0.8963529084858142
3649,413,573.3594,0.6117206416464891
7711,1191,757.97034,0.6364150603812447
8084,1242,1273.6232,0.9745385113161735
3728,579,841.52704,0.5465854256058398
8440,974,963.73267,0.989458589338424
5498,526,500.4104,0.9513505710848384
4516,191,267.06802,0.6017380959076407
751,81,19.801155,0.24445870481891396
3091,44,29.011715,0.6593571576205166
7947,299,277.74683,0.928919151076505
5557,805,744.6272,0.9250027295225155
476,165,178.9675,0.9153484922466856
4091,1013,1006.1838,0.9932712505976987
8212,50,42.402508,0.8480501556396485
2688,335,292.78134,0.8739741538887593
211,275,318.00714,0.8436103959517045
468,209,196.49994,0.9401910955255682
4827,340,359.94028,0.9413521261776194
7897,629,606.9673,0.9649718364964229
8414,915,951.9652,0.9596008634306694
4348,188,201.60365,0.9276401438611619
1025,259,237.33362,0.9163460160774614
4029,18,287.80188,-13.988993326822916
4556,2476,2329.5376,0.9408471719128635
2589,71,404.43112,-3.69621298346721
4362,3119,3036.8647,0.973666157772924
1470,63,46.253464,0.7341819642082092
2715,197,190.6425,0.9677284356906329
6703,1438,1067.4796,0.7423363103322758
8619,184,207.15596,0.8741523908532184
5196,996,971.5991,0.9755011255961346
773,58,67.93154,0.8287665268470501
6157,695,654.2781,0.9414073038444245
8724,661,691.36597,0.9540605646038199
1862,196,273.4303,0.6049474599410076
8569,401,433.0965,0.9199588613914432
641,314,335.7173,0.9308366714769108
6963,186,244.9496,0.683066665485341
196,96,82.10761,0.8552876313527426
2375,309,355.33643,0.8500439295105178
4128,957,769.9841,0.8045810551977207
4825,803,810.2396,0.9909842789247354
6796,188,164.69803,0.8760533434279422
1108,51,51.25327,0.9950339373420266
2025,214,336.88916,0.42575158805490654
3256,124,472.39288,-1.8096200266192035
1420,26,35.749317,0.6250262627234826
7810,817,872.9174,0.931557626152272
2233,118,263.06042,-0.22932563393802963
4051,1751,1884.6799,0.9236550932949029
8588,767,784.5621,0.9771029038410609
3454,164,359.8953,-0.19448350115520197
957,281,283.5714,0.9908490707017349
4169,2069,2109.3796,0.9804834999169285
633,279,337.4893,0.7903609737273185
2802,1521,1628.5789,0.9292709681644478
2579,587,598.2326,0.9808643867453684
3047,312,321.69296,0.9689328120304987
1261,281,312.29364,0.8886347326095418
118,393,427.93753,0.9111004312529819
6217,842,796.23175,0.9456434091309753
2446,695,563.597,0.8109309134723471
3164,0,181.7623,
2388,650,710.2836,0.9072559532752404
4773,2055,2043.7501,0.9945256068468674
5729,1289,1300.7343,0.9908966230180857
5357,231,137.48611,0.59517798485694
6812,2240,2168.225,0.9679576328822544
3501,1593,1504.7618,0.9446088140742702
7154,292,334.69818,0.8537733522180009
1730,93,79.110634,0.8506519768827705
1172,303,342.38275,0.8700239225582714
4370,554,479.813,0.8660884265004513
5221,1210,1194.6477,0.9873121529571282
6225,1069,1036.8208,0.9698978491873246
7745,1939,1993.2148,0.9720397917741104
3842,0,73.62579,
7827,243,285.2134,0.8262822657455633
6661,997,936.92505,0.9397442816731444
2908,147,116.88663,0.7951471237909227
6646,379,105.59324,0.2786101288405446
1844,148,167.37291,0.8691019625277132
4575,1890,1649.9258,0.8729766038359789
5952,707,667.07306,0.943526250469634
4099,2145,2084.66,0.9718694228948135
4587,150,350.05246,-0.33368306477864573
5344,1344,1422.6682,0.9414671035039992
6209,1384,1581.1624,0.857541652084086
5170,831,817.60974,0.983886571854317
6529,99,177.74767,0.20456903631036927
5903,1103,999.1512,0.9058487616337545
815,197,158.20384,0.8030651886451063
4708,72,159.9677,-0.2217735714382596
618,481,718.41956,0.5064042501786643
3487,1123,509.95505,0.4541006657234389
6968,2276,2136.2195,0.9385850098514389
6069,1641,1635.2982,0.9965254221654098
1042,106,144.95448,0.6325048770544663
5059,2602,2459.5322,0.945246820354535
1888,267,258.32468,0.9675081517365988
1074,250,263.74518,0.945019287109375
1396,38,18.972282,0.49927058972810445
3248,401,394.7602,0.9844393837184383
5735,1182,1368.8174,0.8419480686865483
179,310,292.34222,0.9430394326486895
8357,135,171.55698,0.7292075828269675
2008,404,414.87344,0.9730855356348623
8232,0,-299.54614,
7972,117,144.00316,0.7692037729116586
8243,0,-86.164154,
2199,463,616.78516,0.6678506344492441
6145,681,667.1403,0.9796480467315988
1532,241,313.37103,0.6997052584446317
2778,1477,1667.0029,0.8713588830822614
2952,532,598.294,0.8753872061134281
7227,0,-32.315712,
7759,427,536.491,0.7435807310725264
3102,239,291.79956,0.779081336623954
1345,93,66.99101,0.7203334685294859
3459,35,-48.739925,-1.3925692967006138
5774,630,733.95984,0.834984382750496
8161,0,-44.786438,
6894,644,580.99084,0.9021596967803766
8408,1692,1325.8485,0.7835984106041297
5438,822,906.3218,0.8974187623555353
1765,246,226.29048,0.9198800063714748
6087,694,862.1146,0.7577599077472083
4678,1934,1984.7983,0.9737340538553516
1277,44,27.433449,0.6234874725341797
5247,1579,1563.8573,0.9904099428782062
8532,697,764.814,0.9027058452239509
8540,936,851.64166,0.9098735711513422
1688,589,726.99066,0.7657204386738646
3768,778,524.9889,0.6747929197963528
1480,216,220.71323,0.9781795077853732
745,230,96.73136,0.4205711364746094
3979,2248,2003.5549,0.8912610905874666
8701,681,741.9026,0.9105688870915932
7443,372,275.39462,0.740308125813802
3279,1145,1086.507,0.9489143738059498
6558,436,495.55896,0.8633968808235378
747,119,75.31587,0.6329064890116203
5822,579,705.10925,0.7821947272371546
5714,537,485.12387,0.903396407541172
5566,1782,1845.8102,0.9641918178091681
8360,1916,1650.0901,0.8612161210285099
5950,1286,1318.087,0.9750489610164755
1163,261,212.35918,0.8136366920909662
6321,876,822.46985,0.9388925212703338
5013,2200,2309.6477,0.9501601340553977
6670,1856,1867.1256,0.9940055978709254
6800,2278,2077.799,0.9121154838742866
3272,1713,1295.0756,0.7560277650457896
8614,396,436.6748,0.8972858467487373
3915,141,3.0275016,0.021471642433328886
2943,993,1086.4601,0.9058810845842774
8700,635,670.89923,0.9434657780204232
1598,170,152.46631,0.8968606387867647
5482,719,768.1506,0.931640370333145
300,267,252.13539,0.9443273079975714
1144,314,456.77487,0.5453029559676055
2221,771,914.6367,0.8137007538910506
2499,51,146.76622,-0.8777690214269303
6571,2372,2150.3801,0.9065683503175064
4961,2008,2227.881,0.8904974584085533
2960,1677,1359.7236,0.8108071752012522
1662,99,111.56853,0.8730451795789931
3092,93,143.38211,0.45825687531502013
1971,59,54.123226,0.9173428163690082
3433,41,46.94406,0.8550228956269055
3992,291,640.13007,-0.1997596766940506
7260,1495,1387.6302,0.9281807685775502
2377,305,273.8935,0.8980114545978484
1157,68,56.834484,0.8358012367697323
4347,328,257.18488,0.7841002301471989
486,84,144.45943,0.2802449180966332
1180,58,76.154,0.6870000115756331
3782,1970,1307.3362,0.6636224272287436
7130,302,311.38348,0.9689288613022558
5292,71,615.79425,-6.673158457581426
6928,1273,1082.9076,0.8506736785337294
6192,808,905.16425,0.879747220785311
3686,367,786.3828,-0.14273245912806543
5614,1346,1477.0076,0.9026689685294391
7425,5,-126.75087,-25.350173950195312
4039,210,117.59365,0.5599697657993862
6167,1165,1077.8761,0.9252155353071352
2149,28,360.27145,-10.866837637765068
5995,1898,1938.357,0.9787370623477015
3397,1315,1373.577,0.9554547328006179
1659,57,60.082554,0.9459201076574493
5904,953,974.83563,0.9770874791980916
8496,478,464.70163,0.9721791415034976
5873,1066,1067.8237,0.9982891834251876
5780,1697,1843.943,0.9134101395615424
8444,644,699.60065,0.9136635916573661
6624,763,825.9229,0.9175322246426524
665,407,368.57327,0.9055854366218136
3070,426,473.9965,0.8873321819753155
7492,0,-34.759422,
642,466,616.2594,0.6775549368796943
2933,125,155.16544,0.7586765136718749
176,780,689.9522,0.8845541147085336
4409,2025,2211.443,0.9079293258101852
1922,59,94.36785,0.40054489394365733
786,675,580.75024,0.8603707320601852
3006,21,188.24644,-6.9641164143880205
449,256,310.4222,0.7874132394790649
5508,780,868.7274,0.8862469012920673
7785,679,828.9722,0.779127792335926
337,241,205.5553,0.8529265471019191
1701,243,382.04254,0.42780847117734055
91,568,416.1592,0.7326746658540109
4397,264,316.6725,0.8004830100319602
6345,1015,914.9454,0.9014240133351293
6802,862,844.49347,0.9796907995803726
4427,977,934.3966,0.9563936606400333
3939,167,22.168556,0.1327458455890953
530,312,250.8941,0.8041477692432892
5531,687,869.16345,0.734842136610717
996,187,189.40138,0.9871583826401654
4712,2328,2014.822,0.8654733769262779
3949,1051,1116.479,0.9376983787761656
5659,1968,2005.2505,0.9810719063611535
4934,1064,1046.4338,0.9834904491453242
8551,848,987.37195,0.8356462874502506
1643,176,168.16953,0.9555086656050249
106,269,211.07603,0.7846692734048268
5666,499,484.44586,0.9708333904136398
5159,1365,1351.806,0.9903340881124084
1427,166,189.30241,0.8596240124070501
1018,119,117.700714,0.9890816311876313
3704,2041,1665.3907,0.8159680289418484
131,381,318.57352,0.8361509628496144
4602,2367,2283.2546,0.9646196192107626
8735,559,548.9734,0.982063307105322
8197,798,716.29553,0.8976134489054668
2776,819,745.0272,0.9096791473500458
6710,1032,1015.77527,0.9842783610026041
4513,606,697.3163,0.8493130624097566
3615,1168,1018.46936,0.8719771920818172
3231,203,377.62097,0.13979816906557885
8033,1462,1465.139,0.9978529151258977
3209,1662,1670.6315,0.9948065765784823
7029,0,-625.21075,
4248,1089,975.8733,0.8961187245322544
6895,1456,740.0808,0.5082972599909856
2246,475,360.3649,0.7586629445929276
3353,1534,1728.9685,0.8729018866627282
4647,1427,1481.9158,0.9615166282520147
694,294,320.33548,0.9104235383118091
3296,1920,1363.909,0.7103693008422851
4353,1277,1141.6992,0.8940479395066563
2458,428,627.4757,0.5339352616639894
167,259,253.33107,0.9781122391748612
8502,369,291.0949,0.7888750939511349
367,90,112.97606,0.7447104560004341
2957,163,197.00798,0.7913620837627013
6823,1556,996.40686,0.6403643061385362
2955,156,209.70671,0.6557262127216046
2755,571,769.22485,0.6528461409533712
835,417,307.4286,0.7372388222234711
1672,284,291.9292,0.9720802844410211
5641,715,732.7345,0.9751965075939686
4407,1535,1578.3011,0.97179078341307
2833,390,438.0497,0.8767956073467548
2319,620,690.428,0.886406486265121
8499,202,134.16515,0.6641838904654626
7093,1409,1548.2985,0.9011366487480039
3245,65,23.122581,0.3557320227989784
6109,704,700.5944,0.9951625303788618
4693,1056,1164.4901,0.8972631512266217
6093,1437,1442.775,0.9959811938663448
5414,1038,1037.3326,0.9993570728338752
5840,1550,1808.4978,0.8332272240423387
6261,1886,1906.1881,0.9892958057520878
7413,32,-27.00011,-0.843753457069397
7503,0,-76.01991,
8186,136,286.4619,-0.10633760340073528
8090,0,31.516792,
8487,839,837.353,0.9980369813393921
4559,1672,1353.7861,0.8096807014428828
8307,122,118.98017,0.9752473049476499
100,42,56.07924,0.664780026390439
6605,179,181.64801,0.985206646626222
1783,294,280.271,0.9533027078018708
6013,673,606.9359,0.901836423604662
